Entity Name,Entity ID,Geography,Company Type,"Market Capitalization
(₹M)","Total Revenue
(₹000)","EBITDA
(₹000)","Interest Expense
(₹000)","Net Income
(₹000)","Cash and Cash Equivalents
(₹000)","Property, Plant and Equipment
(₹000)","Total Assets
(₹000)","Total Debt
(₹000)","Total Equity
(₹000)","Net Income before Taxes
(₹000)","Compensation & Benefits
(₹000)","Basic Book Value per Share
(₹)","Basic Tangible Book Value per Share
(₹)","Total Enterprise Value (SNL)
(₹M)","Total Enterprise Value/ EBITDA
(x)","Total Enterprise Value/ LTM EBITDA
(x)","Total Enterprise Value/ EBIT
(x)","Total Enterprise Value/ LTM EBIT
(x)","Price/ EBITDA
(x)","Price/ LTM EBITDA
(x)","Price/ Book
(x)","Diluted TEV Outstanding /Total Revenue
(x)","EBITDA Margin
(%)",Industry Classification,Investor Type
Brookfield India Real Estate Trust (NSEI:BIRET),25886837,Asia-Pacific,Public Company,246802.62485142,23948520,16987110,10288720,1599530,5746490,831990,265877760,90832880,160106150,2495020,,230.849255254666,230.844944288896,342421.344851,16.0928069318265,16.537049652015,21.6019963945679,22.1399773107665,10.245814753327,8.67811445551862,1.25462826241518,12.694515,73.514,Real Estate,REIT or Real Estate Investment Manager
Embassy Office Parks REIT (NSEI:EMBASSY),11191262,Asia-Pacific,Public Company,409385.82866427,42421430,25429950,13286250,16244360,5647310,28716650,489477670,199570930,227611600,1930420,,240.123538825807,168.464177740648,615693.828664,40.0866246783444,21.2493262522762,NM,38.5570471308238,25.7236463771157,13.6214010729358,1.52209151084158,13.454815,75.049,Real Estate,REIT or Real Estate Investment Manager
Mindspace Business Parks REIT (NSEI:MINDSPACE),19727810,Asia-Pacific,Public Company,310348.81575168,25717630,18506260,5142770,5137460,6172920,1806860,271603280,101252990,148105500,9681530,,230.70948094446,230.707543925909,424167.075752,17.1075608929108,17.8818737554298,21.8144271490434,22.9071704273557,11.6040150986362,12.0253450316615,1.62429388885935,13.801153,72.352,Real Estate,REIT or Real Estate Investment Manager
